document_identifier,question,document_text
fermur1,"Fiz uma cirurgia após uma fratura do fémur, o que devo fazer?","O tratamento das fraturas do fémur é cirúrgico em quase 100% dos casos. O tipo de cirurgia é determinado pelo local da fratura e tipo de fratura.
De acordo com o tipo de fratura o material utilizado poderá ser: Cavilha, DHS /Placa ou Parafusos."
fermur2,Que tipo de cirurgia é realizada?,O tipo de cirurgia é determinado pelo local da fratura e tipo de fratura.
fermur3,Qual é o tratamento das fraturas do fémur?,Deve-se ser avaliado pelo seu médico assistente. O tratamento das fraturas do fémur é cirúrgico em quase 100% dos casos.
fermur4,Como é feita a recuperação?,"Os doentes submetidos a este tipo de cirurgia não devem permanecer todo o dia em repouso no leito. Está recomendado o levante diário para cadeira de rodas ou cadeirão (sofá). Se a sua a condição física o permitir pode andar de canadianas/andarilho conforme as orientações do médico assistente, do seu equilíbrio, coordenação e da sua tolerância à dor."
fermur5,Posso andar normalmente?,Se a sua a condição física o permitir pode andar de canadianas/andarilho conforme as orientações do médico assistente.
fermur6,O que é a Cirurgia com Cavilha?,"Os doentes submetidos a este tipo de cirurgia não devem permanecer todo o dia em repouso no leito. Está recomendado o levante diário para cadeira de rodas ou cadeirão (sofá). Se a sua a condição física o permitir pode andar de canadianas/andarilho conforme as orientações do médico assistente, do seu equilíbrio, coordenação e da sua tolerância à dor.
Só poderá fazer carga sobre o membro operado, se o seu médico assistente o indicar.
É de extrema importância o fortalecimento dos seus músculos, em especial do membro operado. Assim devem ser realizados exercícios isométricos (contrair o músculo sem movimentar a perna operada) ou isotónicos (contrair o músculo provocando o movimento da perna operada). 
Após a primeira consulta deve manter as indicações/orientações do seu médico assistente."
fermur7,O que é a cirurgia com a colocação de DHS /Placa?,"Os doentes submetidos a este tipo de cirurgia não devem permanecer todo o dia em repouso no leito. Está recomendado o levante diário para cadeira de rodas ou cadeirão (sofá). Se a sua a condição física o permitir pode andar de canadianas/andarilho conforme as orientações do médico assistente, do seu equilíbrio, coordenação e da sua tolerância à dor.
Só poderá fazer carga sobre o membro operado, se o seu médico assistente o indicar.
É de extrema importância o fortalecimento dos seus músculos, em especial do membro operado. Assim devem ser realizados exercícios isométricos (contrair o músculo sem movimentar a perna operada) ou isotónicos (contrair o músculo provocando o movimento da perna operada)."
fermur8,O que fazer quando na cirurgia são colocados Parafusos?,"Os doentes submetidos a este tipo de cirurgia não devem permanecer todo o dia em repouso no leito. Está recomendado o levante diário para cadeira de rodas ou cadeirão (sofá). Se a sua a condição física o permitir pode andar de canadianas/andarilho conforme as orientações do médico assistente, do seu equilíbrio, coordenação e da sua tolerância à dor.
Só poderá fazer carga sobre o membro operado, se o seu médico assistente o indicar.
É de extrema importância o fortalecimento dos seus músculos, em especial do membro operado. Assim devem ser realizados exercícios isométricos (contrair o músculo sem movimentar a perna operada) ou isotónicos (contrair o músculo provocando o movimento da perna operada)."